0	1	a	Go until jurong point, crazy.. Available only in bugis n great world la e buffet... Cine there got amore wat... 
1	1	a	Ok lar... Joking wif u oni... 
2	0	a	Free entry in 2 a wkly comp to win FA Cup final tkts 21st May 2005. Text FA to 87121 to receive entry question(std txt rate)T&C's apply 08452810075over18's 
3	1	a	U dun say so early hor... U c already then say... 
4	1	a	Nah I don't think he goes to usf, he lives around here though 
5	0	a	FreeMsg Hey there darling it's been 3 week's now and no word back! I'd like some fun you up for it still? Tb ok! XxX std chgs to send, £1.50 to rcv 
6	1	a	Even my brother is not like to speak with me. They treat me like aids patent. 
7	1	a	As per your request 'Melle Melle (Oru Minnaminunginte Nurungu Vettam)' has been set as your callertune for all Callers. Press *9 to copy your friends Callertune 
8	0	a	WINNER!! As a valued network customer you have been selected to receivea £900 prize reward! To claim call 09061701461. Claim code KL341. Valid 12 hours only. 
9	0	a	Had your mobile 11 months or more? U R entitled to Update to the latest colour mobiles with camera for Free! Call The Mobile Update Co FREE on 08002986030 
10	1	a	I'm gonna be home soon and i don't want to talk about this stuff anymore tonight, k? I've cried enough today. 
11	0	a	SIX chances to win CASH! From 100 to 20,000 pounds txt> CSH11 and send to 87575. Cost 150p/day, 6days, 16+ TsandCs apply Reply HL 4 info 
12	0	a	URGENT! You have won a 1 week FREE membership in our £100,000 Prize Jackpot! Txt the word: CLAIM to No: 81010 T&C www.dbuk.net LCCLTD POBOX 4403LDNW1A7RW18 
13	1	a	I've been searching for the right words to thank you for this breather. I promise i wont take your help for granted and will fulfil my promise. You have been wonderful and a blessing at all times. 
14	1	a	I HAVE A DATE ON SUNDAY WITH WILL!! 
15	0	a	XXXMobileMovieClub: To use your credit, click the WAP link in the next txt message or click here>> http://wap. xxxmobilemovieclub.com?n=QJKGIGHJJGCBL 
16	1	a	Oh k...i'm watching here:) 
17	1	a	Eh u remember how 2 spell his name... Yes i did. He v naughty make until i v wet. 
18	1	a	Fine if thats the way u feel. Thats the way its gota b 
19	0	a	England v Macedonia - dont miss the goals/team news. Txt ur national team to 87077 eg ENGLAND to 87077 Try:WALES, SCOTLAND 4txt/ú1.20 POBOXox36504W45WQ 16+ 
20	1	a	Is that seriously how you spell his name? 
21	1	a	I‘m going to try for 2 months ha ha only joking 
22	1	a	So ü pay first lar... Then when is da stock comin... 
23	1	a	Aft i finish my lunch then i go str down lor. Ard 3 smth lor. U finish ur lunch already? 
24	1	a	Ffffffffff. Alright no way I can meet up with you sooner? 
25	1	a	Just forced myself to eat a slice. I'm really not hungry tho. This sucks. Mark is getting worried. He knows I'm sick when I turn down pizza. Lol 
26	1	a	Lol your always so convincing. 
27	1	a	Did you catch the bus ? Are you frying an egg ? Did you make a tea? Are you eating your mom's left over dinner ? Do you feel my Love ? 
28	1	a	I'm back &amp; we're packing the car now, I'll let you know if there's room 
29	1	a	Ahhh. Work. I vaguely remember that! What does it feel like? Lol 
30	1	a	Wait that's still not all that clear, were you not sure about me being sarcastic or that that's why x doesn't want to live with us 
31	1	a	Yeah he got in at 2 and was v apologetic. n had fallen out and she was actin like spoilt child and he got caught up in that. Till 2! But we won't go there! Not doing too badly cheers. You? 
32	1	a	K tell me anything about you. 
33	1	a	For fear of fainting with the of all that housework you just did? Quick have a cuppa 
34	0	a	Thanks for your subscription to Ringtone UK your mobile will be charged £5/month Please confirm by replying YES or NO. If you reply NO you will not be charged 
35	1	a	Yup... Ok i go home look at the timings then i msg ü again... Xuhui going to learn on 2nd may too but her lesson is at 8am 
36	1	a	Oops, I'll let you know when my roommate's done 
37	1	a	I see the letter B on my car 
38	1	a	Anything lor... U decide... 
39	1	a	Hello! How's you and how did saturday go? I was just texting to see if you'd decided to do anything tomo. Not that i'm trying to invite myself or anything! 
40	1	a	Pls go ahead with watts. I just wanted to be sure. Do have a great weekend. Abiola 
41	1	a	Did I forget to tell you ? I want you , I need you, I crave you ... But most of all ... I love you my sweet Arabian steed ... Mmmmmm ... Yummy 
42	0	a	07732584351 - Rodger Burns - MSG = We tried to call you re your reply to our sms for a free nokia mobile + free camcorder. Please call now 08000930705 for delivery tomorrow 
43	1	a	WHO ARE YOU SEEING? 
44	1	a	Great! I hope you like your man well endowed. I am &lt;#&gt; inches... 
45	1	a	No calls..messages..missed calls 
46	1	a	Didn't you get hep b immunisation in nigeria. 
47	1	a	Fair enough, anything going on? 
48	1	a	Yeah hopefully, if tyler can't do it I could maybe ask around a bit 
49	1	a	U don't know how stubborn I am. I didn't even want to go to the hospital. I kept telling Mark I'm not a weak sucker. Hospitals are for weak suckers. 
50	1	a	What you thinked about me. First time you saw me in class. 
51	1	a	A gram usually runs like &lt;#&gt; , a half eighth is smarter though and gets you almost a whole second gram for &lt;#&gt; 
52	1	a	K fyi x has a ride early tomorrow morning but he's crashing at our place tonight 
53	1	a	"Wow. I never realized that you were so embarassed by your accomodations. I thought you liked it, since i was doing the best i could and you always seemed so happy about ""the cave"". I'm sorry I didn't and don't have more to give. I'm sorry i offered. I'm sorry your room was so embarassing. "
54	0	a	SMS. ac Sptv: The New Jersey Devils and the Detroit Red Wings play Ice Hockey. Correct or Incorrect? End? Reply END SPTV 
55	1	a	Do you know what Mallika Sherawat did yesterday? Find out now @ &lt;URL&gt; 
56	0	a	Congrats! 1 year special cinema pass for 2 is yours. call 09061209465 now! C Suprman V, Matrix3, StarWars3, etc all 4 FREE! bx420-ip4-5we. 150pm. Dont miss out! 
57	1	a	Sorry, I'll call later in meeting. 
58	1	a	Tell where you reached 
59	1	a	Yes..gauti and sehwag out of odi series. 
60	1	a	Your gonna have to pick up a $1 burger for yourself on your way home. I can't even move. Pain is killing me. 
61	1	a	Ha ha ha good joke. Girls are situation seekers. 
62	1	a	Its a part of checking IQ 
63	1	a	Sorry my roommates took forever, it ok if I come by now? 
64	1	a	Ok lar i double check wif da hair dresser already he said wun cut v short. He said will cut until i look nice. 
65	0	a	As a valued customer, I am pleased to advise you that following recent review of your Mob No. you are awarded with a £1500 Bonus Prize, call 09066364589 
66	1	a	"Today is ""song dedicated day.."" Which song will u dedicate for me? Send this to all ur valuable frnds but first rply me... "
67	0	a	Urgent UR awarded a complimentary trip to EuroDisinc Trav, Aco&Entry41 Or £1000. To claim txt DIS to 87121 18+6*£1.50(moreFrmMob. ShrAcomOrSglSuplt)10, LS1 3AJ 
68	0	a	"Did you hear about the new ""Divorce Barbie""? It comes with all of Ken's stuff! "
69	1	a	I plane to give on this month end. 
70	1	a	Wah lucky man... Then can save money... Hee... 
71	1	a	Finished class where are you. 
72	1	a	HI BABE IM AT HOME NOW WANNA DO SOMETHING? XX 
73	1	a	K..k:)where are you?how did you performed? 
74	1	a	U can call me now... 
75	1	a	I am waiting machan. Call me once you free. 
76	1	a	Thats cool. i am a gentleman and will treat you with dignity and respect. 
77	1	a	I like you peoples very much:) but am very shy pa. 
78	1	a	Does not operate after &lt;#&gt; or what 
79	1	a	Its not the same here. Still looking for a job. How much do Ta's earn there. 
80	1	a	Sorry, I'll call later 
81	1	a	K. Did you call me just now ah? 
82	1	a	Ok i am on the way to home hi hi 
83	1	a	You will be in the place of that man 
84	1	a	Yup next stop. 
85	1	a	I call you later, don't have network. If urgnt, sms me. 
86	1	a	For real when u getting on yo? I only need 2 more tickets and one more jacket and I'm done. I already used all my multis. 
87	1	a	Yes I started to send requests to make it but pain came back so I'm back in bed. Double coins at the factory too. I gotta cash in all my nitros. 
88	1	a	I'm really not up to it still tonight babe 
89	1	a	Ela kano.,il download, come wen ur free.. 
90	1	a	Yeah do! Don‘t stand to close tho- you‘ll catch something! 
91	1	a	Sorry to be a pain. Is it ok if we meet another night? I spent late afternoon in casualty and that means i haven't done any of y stuff42moro and that includes all my time sheets and that. Sorry. 
92	1	a	Smile in Pleasure Smile in Pain Smile when trouble pours like Rain Smile when sum1 Hurts U Smile becoz SOMEONE still Loves to see u Smiling!! 
93	0	a	Please call our customer service representative on 0800 169 6031 between 10am-9pm as you have WON a guaranteed £1000 cash or £5000 prize! 
94	1	a	Havent planning to buy later. I check already lido only got 530 show in e afternoon. U finish work already? 
95	0	a	"Your free ringtone is waiting to be collected. Simply text the password ""MIX"" to 85069 to verify. Get Usher and Britney. FML, PO Box 5249, MK17 92H. 450Ppw 16 "
96	1	a	Watching telugu movie..wat abt u? 
97	1	a	i see. When we finish we have loads of loans to pay 
98	1	a	"Hi. Wk been ok - on hols now! Yes on for a bit of a run. Forgot that i have hairdressers appointment at four so need to get home n shower beforehand. Does that cause prob for u?"" "
99	1	a	I see a cup of coffee animation 
100	1	a	Please don't text me anymore. I have nothing else to say. 
101	1	a	Okay name ur price as long as its legal! Wen can I pick them up? Y u ave x ams xx 
102	1	a	I'm still looking for a car to buy. And have not gone 4the driving test yet. 
103	1	a	As per your request 'Melle Melle (Oru Minnaminunginte Nurungu Vettam)' has been set as your callertune for all Callers. Press *9 to copy your friends Callertune 
104	1	a	wow. You're right! I didn't mean to do that. I guess once i gave up on boston men and changed my search location to nyc, something changed. Cuz on my signin page it still says boston. 
105	1	a	Umma my life and vava umma love you lot dear 
106	1	a	Thanks a lot for your wishes on my birthday. Thanks you for making my birthday truly memorable. 
107	1	a	Aight, I'll hit you up when I get some cash 
108	1	a	How would my ip address test that considering my computer isn't a minecraft server 
109	1	a	I know! Grumpy old people. My mom was like you better not be lying. Then again I am always the one to play jokes... 
110	1	a	Dont worry. I guess he's busy. 
111	1	a	What is the plural of the noun research? 
112	1	a	Going for dinner.msg you after. 
113	1	a	I'm ok wif it cos i like 2 try new things. But i scared u dun like mah. Cos u said not too loud. 
114	0	a	GENT! We are trying to contact you. Last weekends draw shows that you won a £1000 prize GUARANTEED. Call 09064012160. Claim Code K52. Valid 12hrs only. 150ppm 
115	1	a	Wa, ur openin sentence very formal... Anyway, i'm fine too, juz tt i'm eatin too much n puttin on weight...Haha... So anythin special happened? 
116	1	a	As I entered my cabin my PA said, '' Happy B'day Boss !!''. I felt special. She askd me 4 lunch. After lunch she invited me to her apartment. We went there. 
117	0	a	You are a winner U have been specially selected 2 receive £1000 or a 4* holiday (flights inc) speak to a live operator 2 claim 0871277810910p/min (18+) 
118	1	a	Goodo! Yes we must speak friday - egg-potato ratio for tortilla needed! 
119	1	a	Hmm...my uncle just informed me that he's paying the school directly. So pls buy food. 
120	0	a	PRIVATE! Your 2004 Account Statement for 07742676969 shows 786 unredeemed Bonus Points. To claim call 08719180248 Identifier Code: 45239 Expires 
121	0	a	URGENT! Your Mobile No. was awarded £2000 Bonus Caller Prize on 5/9/03 This is our final try to contact U! Call from Landline 09064019788 BOX42WR29C, 150PPM 
122	1	a	here is my new address -apples&pairs&all that malarky 
123	0	a	Todays Voda numbers ending 7548 are selected to receive a $350 award. If you have a match please call 08712300220 quoting claim code 4041 standard rates app 
124	1	a	I am going to sao mu today. Will be done only at 12 
125	1	a	Ü predict wat time ü'll finish buying? 
126	1	a	Good stuff, will do. 
127	1	a	Just so that you know,yetunde hasn't sent money yet. I just sent her a text not to bother sending. So its over, you dont have to involve yourself in anything. I shouldn't have imposed anything on you in the first place so for that, i apologise. 
128	1	a	Are you there in room. 
129	1	a	HEY GIRL. HOW R U? HOPE U R WELL ME AN DEL R BAK! AGAIN LONG TIME NO C! GIVE ME A CALL SUM TIME FROM LUCYxx 
130	1	a	K..k:)how much does it cost? 
131	1	a	I'm home. 
132	1	a	Dear, will call Tmorrow.pls accomodate. 
133	1	a	First answer my question. 
134	0	a	Sunshine Quiz Wkly Q! Win a top Sony DVD player if u know which country the Algarve is in? Txt ansr to 82277. £1.50 SP:Tyrone 
135	0	a	Want 2 get laid tonight? Want real Dogging locations sent direct 2 ur mob? Join the UK's largest Dogging Network bt Txting GRAVEL to 69888! Nt. ec2a. 31p.msg@150p 
136	1	a	I only haf msn. It's yijue@hotmail.com 
137	1	a	He is there. You call and meet him 
138	1	a	No no. I will check all rooms befor activities 
139	0	a	You'll not rcv any more msgs from the chat svc. For FREE Hardcore services text GO to: 69988 If u get nothing u must Age Verify with yr network & try again 
140	1	a	Got c... I lazy to type... I forgot ü in lect... I saw a pouch but like not v nice... 
141	1	a	K, text me when you're on the way 
142	1	a	Sir, Waiting for your mail. 
143	1	a	"A swt thought: ""Nver get tired of doing little things 4 lovable persons.."" Coz..somtimes those little things occupy d biggest part in their Hearts.. Gud ni8 "
144	1	a	I know you are. Can you pls open the back? 
145	1	a	Yes see ya not on the dot 
146	1	a	Whats the staff name who is taking class for us? 
147	0	a	FreeMsg Why haven't you replied to my text? I'm Randy, sexy, female and live local. Luv to hear from u. Netcollex Ltd 08700621170150p per msg reply Stop to end 
148	1	a	Ummma.will call after check in.our life will begin from qatar so pls pray very hard. 
149	1	a	K..i deleted my contact that why? 
150	1	a	Sindu got job in birla soft .. 
151	1	a	The wine is flowing and i'm i have nevering.. 
152	1	a	Yup i thk cine is better cos no need 2 go down 2 plaza mah. 
153	1	a	Ok... Ur typical reply... 
154	1	a	As per your request 'Melle Melle (Oru Minnaminunginte Nurungu Vettam)' has been set as your callertune for all Callers. Press *9 to copy your friends Callertune 
155	1	a	You are everywhere dirt, on the floor, the windows, even on my shirt. And sometimes when i open my mouth, you are all that comes flowing out. I dream of my world without you, then half my chores are out too. A time of joy for me, lots of tv shows i.ll see. But i guess like all things you just must exist, like rain, hail and mist, and when my time here is done, you and i become one. 
156	1	a	Aaooooright are you at work? 
157	1	a	I'm leaving my house now... 
158	1	a	Hello, my love. What are you doing? Did you get to that interview today? Are you you happy? Are you being a good boy? Do you think of me?Are you missing me ? 
159	0	a	Customer service annoncement. You have a New Years delivery waiting for you. Please call 07046744435 now to arrange delivery 
160	0	a	You are a winner U have been specially selected 2 receive £1000 cash or a 4* holiday (flights inc) speak to a live operator 2 claim 0871277810810 
161	1	a	Keep yourself safe for me because I need you and I miss you already and I envy everyone that see's you in real life 
162	1	a	New car and house for my parents.:)i have only new job in hand:) 
163	1	a	I'm so in love with you. I'm excited each day i spend with you. You make me so happy. 
164	0	a	-PLS STOP bootydelious (32/F) is inviting you to be her friend. Reply YES-434 or NO-434 See her: www.SMS.ac/u/bootydelious STOP? Send STOP FRND to 62468 
165	0	a	BangBabes Ur order is on the way. U SHOULD receive a Service Msg 2 download UR content. If U do not, GoTo wap. bangb. tv on UR mobile internet/service menu 
166	1	a	I place all ur points on e cultures module already. 
167	0	a	URGENT! We are trying to contact you. Last weekends draw shows that you have won a £900 prize GUARANTEED. Call 09061701939. Claim code S89. Valid 12hrs only 
168	1	a	Hi frnd, which is best way to avoid missunderstding wit our beloved one's? 
169	1	a	Great escape. I fancy the bridge but needs her lager. See you tomo 
170	1	a	Yes :)it completely in out of form:)clark also utter waste. 
171	1	a	Sir, I need AXIS BANK account no and bank address. 
172	1	a	Hmmm.. Thk sure got time to hop ard... Ya, can go 4 free abt... Muz call u to discuss liao... 
173	1	a	What time you coming down later? 
174	1	a	Bloody hell, cant believe you forgot my surname Mr . Ill give u a clue, its spanish and begins with m... 
175	1	a	Well, i'm gonna finish my bath now. Have a good...fine night. 
176	1	a	Let me know when you've got the money so carlos can make the call 
177	1	a	U still going to the mall? 
178	1	a	Turns out my friends are staying for the whole show and won't be back til ~ &lt;#&gt; , so feel free to go ahead and smoke that $ &lt;#&gt; worth 
179	1	a	Text her. If she doesnt reply let me know so i can have her log in 
180	1	a	Hi! You just spoke to MANEESHA V. We'd like to know if you were satisfied with the experience. Reply Toll Free with Yes or No. 
181	1	a	You lifted my hopes with the offer of money. I am in need. Especially when the end of the month approaches and it hurts my studying. Anyways have a gr8 weekend 
182	1	a	Lol no. U can trust me. 
183	1	a	ok. I am a gentleman and will treat you with dignity and respect. 
184	1	a	He will, you guys close? 
185	1	a	Going on nothing great.bye 
186	1	a	Hello handsome ! Are you finding that job ? Not being lazy ? Working towards getting back that net for mummy ? Where's my boytoy now ? Does he miss me ? 
187	1	a	Haha awesome, be there in a minute 
188	0	a	Please call our customer service representative on FREEPHONE 0808 145 4742 between 9am-11pm as you have WON a guaranteed £1000 cash or £5000 prize! 
189	1	a	Have you got Xmas radio times. If not i will get it now 
190	1	a	I jus reached home. I go bathe first. But my sis using net tell u when she finishes k... 
191	0	a	Are you unique enough? Find out from 30th August. www.areyouunique.co.uk 
192	1	a	I'm sorry. I've joined the league of people that dont keep in touch. You mean a great deal to me. You have been a friend at all times even at great personal cost. Do have a great week.| 
193	1	a	Hi :)finally i completed the course:) 
194	1	a	It will stop on itself. I however suggest she stays with someone that will be able to give ors for every stool. 
195	1	a	How are you doing? Hope you've settled in for the new school year. Just wishin you a gr8 day 
196	1	a	Gud mrng dear hav a nice day 
197	1	a	Did u got that persons story 
198	1	a	is your hamster dead? Hey so tmr i meet you at 1pm orchard mrt? 
199	1	a	Hi its Kate how is your evening? I hope i can see you tomorrow for a bit but i have to bloody babyjontet! Txt back if u can. :) xxx 
200	1	a	Found it, ENC &lt;#&gt; , where you at? 
201	1	a	I sent you &lt;#&gt; bucks 
202	1	a	Hello darlin ive finished college now so txt me when u finish if u can love Kate xxx 
203	1	a	Your account has been refilled successfully by INR &lt;DECIMAL&gt; . Your KeralaCircle prepaid account balance is Rs &lt;DECIMAL&gt; . Your Transaction ID is KR &lt;#&gt; . 
204	1	a	Goodmorning sleeping ga. 
205	1	a	U call me alter at 11 ok. 
206	1	a	Ü say until like dat i dun buy ericsson oso cannot oredi lar... 
207	1	a	As I entered my cabin my PA said, '' Happy B'day Boss !!''. I felt special. She askd me 4 lunch. After lunch she invited me to her apartment. We went there. 
208	1	a	Aight yo, dats straight dogg 
209	1	a	You please give us connection today itself before &lt;DECIMAL&gt; or refund the bill 
210	1	a	Both :) i shoot big loads so get ready! 
211	1	a	What's up bruv, hope you had a great break. Do have a rewarding semester. 
212	1	a	Home so we can always chat 
213	1	a	K:)k:)good:)study well. 
214	1	a	Yup... How ü noe leh... 
215	1	a	Sounds great! Are you home now? 
216	1	a	Finally the match heading towards draw as your prediction. 
217	1	a	Tired. I haven't slept well the past few nights. 
218	1	a	Easy ah?sen got selected means its good.. 
219	1	a	I have to take exam with march 3 
220	1	a	Yeah you should. I think you can use your gt atm now to register. Not sure but if there's anyway i can help let me know. But when you do be sure you are ready. 
221	1	a	Ok no prob. Take ur time. 
222	1	a	There is os called ubandu which will run without installing in hard disk...you can use that os to copy the important files in system and give it to repair shop.. 
223	1	a	Sorry, I'll call later 
224	1	a	U say leh... Of course nothing happen lar. Not say v romantic jus a bit only lor. I thk e nite scenery not so nice leh. 
225	0	a	500 New Mobiles from 2004, MUST GO! Txt: NOKIA to No: 89545 & collect yours today!From ONLY £1 www.4-tc.biz 2optout 087187262701.50gbp/mtmsg18 
226	1	a	Would really appreciate if you call me. Just need someone to talk to. 
227	0	a	Will u meet ur dream partner soon? Is ur career off 2 a flyng start? 2 find out free, txt HORO followed by ur star sign, e. g. HORO ARIES 
228	1	a	Hey company elama po mudyadhu. 
229	1	a	Life is more strict than teacher... Bcoz Teacher teaches lesson &amp; then conducts exam, But Life first conducts Exam &amp; then teaches Lessons. Happy morning. . . 
230	1	a	Dear good morning now only i am up 
231	1	a	Get down in gandhipuram and walk to cross cut road. Right side &lt;#&gt; street road and turn at first right. 
232	1	a	Dear we are going to our rubber place 
233	1	a	Sorry battery died, yeah I'm here 
234	1	a	Yes:)here tv is always available in work place.. 
235	0	a	Text & meet someone sexy today. U can find a date or even flirt its up to U. Join 4 just 10p. REPLY with NAME & AGE eg Sam 25. 18 -msg recd@thirtyeight pence 
236	1	a	I have printed it oh. So &lt;#&gt; come upstairs 
237	1	a	Or ill be a little closer like at the bus stop on the same street 
238	1	a	Where are you?when wil you reach here? 
239	1	a	New Theory: Argument wins d SITUATION, but loses the PERSON. So dont argue with ur friends just.. . . . kick them &amp; say, I'm always correct.! 
240	0	a	U 447801259231 have a secret admirer who is looking 2 make contact with U-find out who they R*reveal who thinks UR so special-call on 09058094597 
241	1	a	Tomarrow final hearing on my laptop case so i cant. 
242	1	a	PLEASSSSSSSEEEEEE TEL ME V AVENT DONE SPORTSx 
243	1	a	Okay. No no, just shining on. That was meant to be signing, but that sounds better. 
244	1	a	Although i told u dat i'm into baig face watches now but i really like e watch u gave cos it's fr u. Thanx 4 everything dat u've done today, i'm touched... 
245	1	a	U don't remember that old commercial? 
246	1	a	Too late. I said i have the website. I didn't i have or dont have the slippers 
247	1	a	I asked you to call him now ok 
248	1	a	Kallis wont bat in 2nd innings. 
249	1	a	It didnt work again oh. Ok goodnight then. I.ll fix and have it ready by the time you wake up. You are very dearly missed have a good night sleep. 
250	0	a	Congratulations ur awarded 500 of CD vouchers or 125gift guaranteed & Free entry 2 100 wkly draw txt MUSIC to 87066 TnCs www.Ldew.com1win150ppmx3age16 
251	1	a	Ranjith cal drpd Deeraj and deepak 5min hold 
252	1	a	Wen ur lovable bcums angry wid u, dnt take it seriously.. Coz being angry is d most childish n true way of showing deep affection, care n luv!.. kettoda manda... Have nice day da. 
253	1	a	What you doing?how are you? 
254	1	a	Ups which is 3days also, and the shipping company that takes 2wks. The other way is usps which takes a week but when it gets to lag you may have to bribe nipost to get your stuff. 
255	1	a	I'm back, lemme know when you're ready 
256	1	a	Don't necessarily expect it to be done before you get back though because I'm just now headin out 
257	1	a	Mmm so yummy babe ... Nice jolt to the suzy 
258	1	a	Where are you lover ? I need you ... 
259	0	a	We tried to contact you re your reply to our offer of a Video Handset? 750 anytime networks mins? UNLIMITED TEXT? Camcorder? Reply or call 08000930705 NOW 
260	1	a	I‘m parked next to a MINI!!!! When are you coming in today do you think? 
261	1	a	Yup 
262	1	a	Anyway i'm going shopping on my own now. Cos my sis not done yet. Dun disturb u liao. 
263	1	a	MY NO. IN LUTON 0125698789 RING ME IF UR AROUND! H* 
264	0	a	Hey I am really horny want to chat or see me naked text hot to 69698 text charged at 150pm to unsubscribe text stop 69698 
265	1	a	Why you Dint come with us. 
266	1	a	Same. Wana plan a trip sometme then 
267	1	a	Not sure yet, still trying to get a hold of him 
268	0	a	Ur ringtone service has changed! 25 Free credits! Go to club4mobiles.com to choose content now! Stop? txt CLUB STOP to 87070. 150p/wk Club4 PO Box1146 MK45 2WT 
269	1	a	The evo. I just had to download flash. Jealous? 
270	0	a	Ringtone Club: Get the UK singles chart on your mobile each week and choose any top quality ringtone! This message is free of charge. 
271	1	a	Come to mu, we're sorting out our narcotics situation 
272	1	a	Night has ended for another day, morning has come in a special way. May you smile like the sunny rays and leaves your worries at the blue blue bay. 
273	0	a	HMV BONUS SPECIAL 500 pounds of genuine HMV vouchers to be won. Just answer 4 easy questions. Play Now! Send HMV to 86688 More info:www.100percent-real.com 
274	1	a	Usf I guess, might as well take 1 car 
275	1	a	No objection. My bf not coming. 
276	1	a	Thanx... 
277	1	a	Tell rob to mack his gf in the theater 
278	1	a	Awesome, I'll see you in a bit 
279	1	a	Just sent it. So what type of food do you like? 
280	1	a	All done? All handed in? Celebrations in full swing yet? 
281	1	a	You got called a tool? 
282	1	a	"""Wen u miss someone, the person is definitely special for u..... But if the person is so special, why to miss them, just Keep-in-touch"" gdeve.. "
283	1	a	Ok. I asked for money how far 
284	1	a	Okie... 
285	1	a	Yeah I think my usual guy's still passed out from last night, if you get ahold of anybody let me know and I'll throw down 
286	1	a	K, I might come by tonight then if my class lets out early 
287	1	a	Ok.. 
288	1	a	hi baby im cruisin with my girl friend what r u up 2? give me a call in and hour at home if thats alright or fone me on this fone now love jenny xxx 
289	1	a	My life Means a lot to me, Not because I love my life, But because I love the people in my life, The world calls them friends, I call them my World:-).. Ge:-).. 
290	1	a	Dear,shall mail tonite.busy in the street,shall update you tonite.things are looking ok.varunnathu edukkukayee raksha ollu.but a good one in real sense. 
291	1	a	Hey you told your name to gautham ah? 
292	1	a	Haf u found him? I feel so stupid da v cam was working. 
293	1	a	Oops. 4 got that bit. 
294	1	a	Are you this much buzy 
295	1	a	I accidentally deleted the message. Resend please. 
296	0	a	T-Mobile customer you may now claim your FREE CAMERA PHONE upgrade & a pay & go sim card for your loyalty. Call on 0845 021 3680.Offer ends 28thFeb.T&C's apply 
297	1	a	Unless it's a situation where YOU GO GURL would be more appropriate 
298	1	a	Hurt me... Tease me... Make me cry... But in the end of my life when i die plz keep one rose on my grave and say STUPID I MISS U.. HAVE A NICE DAY BSLVYL 
299	1	a	I cant pick the phone right now. Pls send a message 
300	1	a	Need a coffee run tomo?Can't believe it's that time of week already 
301	1	a	Awesome, I remember the last time we got somebody high for the first time with diesel :V 
302	1	a	Shit that is really shocking and scary, cant imagine for a second. Def up for night out. Do u think there is somewhere i could crash for night, save on taxi? 
303	1	a	Oh and by the way you do have more food in your fridge! Want to go out for a meal tonight? 
304	1	a	He is a womdarfull actor 
305	0	a	SMS. ac Blind Date 4U!: Rodds1 is 21/m from Aberdeen, United Kingdom. Check Him out http://img. sms. ac/W/icmb3cktz8r7!-4 no Blind Dates send HIDE 
306	1	a	Yup... From what i remb... I think should be can book... 
307	1	a	Jos ask if u wana meet up? 
308	1	a	Lol yes. Our friendship is hanging on a thread cause u won't buy stuff. 
309	0	a	TheMob> Check out our newest selection of content, Games, Tones, Gossip, babes and sport, Keep your mobile fit and funky text WAP to 82468 
310	1	a	Where are the garage keys? They aren't on the bookshelf 
311	1	a	Today is ACCEPT DAY..U Accept me as? Brother Sister Lover Dear1 Best1 Clos1 Lvblefrnd Jstfrnd Cutefrnd Lifpartnr Belovd Swtheart Bstfrnd No rply means enemy 
312	0	a	Think ur smart ? Win £200 this week in our weekly quiz, text PLAY to 85222 now!T&Cs WinnersClub PO BOX 84, M26 3UZ. 16+. GBP1.50/week 
313	1	a	He says he'll give me a call when his friend's got the money but that he's definitely buying before the end of the week 
314	1	a	Hi the way I was with u 2day, is the normal way&this is the real me. UR unique&I hope I know u 4 the rest of mylife. Hope u find wot was lost. 
315	1	a	You made my day. Do have a great day too. 
316	1	a	K.k:)advance happy pongal. 
317	1	a	Hmmm... Guess we can go 4 kb n power yoga... Haha, dunno we can tahan power yoga anot... Thk got lo oso, forgot liao... 
318	1	a	Not really dude, have no friends i'm afraid :( 
319	0	a	December only! Had your mobile 11mths+? You are entitled to update to the latest colour camera mobile for Free! Call The Mobile Update Co FREE on 08002986906 
320	1	a	Coffee cake, i guess... 
321	1	a	Merry Christmas to you too babe, i love ya *kisses* 
322	1	a	Hey... Why dont we just go watch x men and have lunch... Haha 
323	1	a	cud u tell ppl im gona b a bit l8 cos 2 buses hav gon past cos they were full & im still waitin 4 1. Pete x 
324	1	a	That would be great. We'll be at the Guild. Could meet on Bristol road or somewhere - will get in touch over weekend. Our plans take flight! Have a good week 
325	1	a	No problem. How are you doing? 
326	1	a	No calls..messages..missed calls 
327	1	a	Hi da:)how is the todays class? 
328	1	a	I'd say that's a good sign but, well, you know my track record at reading women 
329	1	a	Cool, text me when you're parked 
330	1	a	I'm reading the text i just sent you. Its meant to be a joke. So read it in that light 
331	1	a	K.k:)apo k.good movie. 
332	1	a	Maybe i could get book out tomo then return it immediately ..? Or something. 
333	0	a	Call Germany for only 1 pence per minute! Call from a fixed line via access number 0844 861 85 85. No prepayment. Direct access! 
334	1	a	Any chance you might have had with me evaporated as soon as you violated my privacy by stealing my phone number from your employer's paperwork. Not cool at all. Please do not contact me again or I will report you to your supervisor. 
335	0	a	Valentines Day Special! Win over £1000 in our quiz and take your partner on the trip of a lifetime! Send GO to 83600 now. 150p/msg rcvd. CustCare:08718720201. 
336	1	a	Ta-Daaaaa! I am home babe, are you still up ? 
337	1	a	Cool. So how come you havent been wined and dined before? 
338	1	a	Just sleeping..and surfing 
339	1	a	Sorry, I'll call later 
340	1	a	U calling me right? Call my hand phone... 
341	1	a	Ok that's great thanx a lot. 
342	1	a	I take it the post has come then! You must have 1000s of texts now! Happy reading. My one from wiv hello caroline at the end is my favourite. Bless him 
343	1	a	Where u been hiding stranger? 
344	1	a	Am not interested to do like that. 
345	1	a	My sister cleared two round in birla soft yesterday. 
346	1	a	Gudnite....tc...practice going on 
347	1	a	Dis is yijue. I jus saw ur mail. In case huiming havent sent u my num. Dis is my num. 
348	1	a	One small prestige problem now. 
349	0	a	Fancy a shag? I do.Interested? sextextuk.com txt XXUK SUZY to 69876. Txts cost 1.50 per msg. TnCs on website. X 
350	1	a	Just checking in on you. Really do miss seeing Jeremiah. Do have a great month 
351	1	a	Nah can't help you there, I've never had an iphone 
352	1	a	If you're not in my car in an hour and a half I'm going apeshit 
353	1	a	TODAY is Sorry day.! If ever i was angry with you, if ever i misbehaved or hurt you? plz plz JUST SLAP URSELF Bcoz, Its ur fault, I'm basically GOOD 
354	1	a	Yo you guys ever figure out how much we need for alcohol? Jay and I are trying to figure out how much we can safely spend on weed 
355	1	a	&lt;#&gt; ISH MINUTES WAS 5 MINUTES AGO. WTF. 
356	1	a	Thank You for calling.Forgot to say Happy Onam to you Sirji.I am fine here and remembered you when i met an insurance person.Meet You in Qatar Insha Allah.Rakhesh, ex Tata AIG who joined TISSCO,Tayseer. 
357	0	a	Congratulations ur awarded 500 of CD vouchers or 125gift guaranteed & Free entry 2 100 wkly draw txt MUSIC to 87066 TnCs www.Ldew.com1win150ppmx3age16 
358	0	a	Ur cash-balance is currently 500 pounds - to maximize ur cash-in now send CASH to 86688 only 150p/msg. CC: 08708800282 HG/Suite342/2Lands Row/W1J6HL 
359	1	a	I'm an actor. When i work, i work in the evening and sleep late. Since i'm unemployed at the moment, i ALWAYS sleep late. When you're unemployed, every day is saturday. 
360	1	a	Hello! Just got here, st andrews-boy its a long way! Its cold. I will keep you posted 
361	1	a	Ha ha cool cool chikku chikku:-):-DB-) 
362	1	a	Oh ok no prob.. 
363	1	a	Check audrey's status right now 
364	1	a	Busy here. Trying to finish for new year. I am looking forward to finally meeting you... 
365	1	a	Good afternoon sunshine! How dawns that day ? Are we refreshed and happy to be alive? Do we breathe in the air and smile ? I think of you, my love ... As always 
366	1	a	Well i know Z will take care of me. So no worries. 
367	0	a	Update_Now - Xmas Offer! Latest Motorola, SonyEricsson & Nokia & FREE Bluetooth! Double Mins & 1000 Txt on Orange. Call MobileUpd8 on 08000839402 or call2optout/F4Q= 
368	0	a	Here is your discount code RP176781. To stop further messages reply stop. www.regalportfolio.co.uk. Customer Services 08717205546 
369	1	a	Wat uniform? In where get? 
370	1	a	Cool, text me when you're ready 
371	1	a	Hello my boytoy ... Geeee I miss you already and I just woke up. I wish you were here in bed with me, cuddling me. I love you ... 
372	1	a	I will spoil you in bed as well :) 
373	1	a	I'm going for bath will msg you next &lt;#&gt; min.. 
374	1	a	I cant keep talking to people if am not sure i can pay them if they agree to price. So pls tell me what you want to really buy and how much you are willing to pay 
375	0	a	Thanks for your Ringtone Order, Reference T91. You will be charged GBP 4 per week. You can unsubscribe at anytime by calling customer services on 09057039994 
376	1	a	Can you say what happen 
377	1	a	You could have seen me..i did't recognise you Face.:) 
378	1	a	Well there's not a lot of things happening in Lindsay on New years *sighs* Some bars in Ptbo and the blue heron has something going 
379	1	a	Keep my payasam there if rinu brings 
380	1	a	I taught that Ranjith sir called me. So only i sms like that. Becaus hes verifying about project. Prabu told today so only pa dont mistake me.. 
381	1	a	I guess that's why you re worried. You must know that there's a way the body repairs itself. And i'm quite sure you shouldn't worry. We'll take it slow. First the tests, they will guide when your ovulation is then just relax. Nothing you've said is a reason to worry but i.ll keep on followin you up. 
382	1	a	Yeah sure, give me a couple minutes to track down my wallet 
383	1	a	Hey leave it. not a big deal:-) take care. 
384	1	a	Hey i will be late ah... Meet you at 945+ 
385	0	a	Double mins and txts 4 6months FREE Bluetooth on Orange. Available on Sony, Nokia Motorola phones. Call MobileUpd8 on 08000839402 or call2optout/N9DX 
386	1	a	It took Mr owl 3 licks 
387	1	a	Customer place i will call you. 
388	1	a	Mm that time you dont like fun 
389	0	a	4mths half price Orange line rental & latest camera phones 4 FREE. Had your phone 11mths ? Call MobilesDirect free on 08000938767 to update now! or2stoptxt 
390	1	a	Yup having my lunch buffet now.. U eat already? 
391	1	a	Huh so late... Fr dinner? 
392	1	a	Hey so this sat are we going for the intro pilates only? Or the kickboxing too? 
393	1	a	Morning only i can ok. 
394	1	a	Yes i think so. I am in office but my lap is in room i think thats on for the last few days. I didnt shut that down 
395	1	a	Pick you up bout 7.30ish? What time are and that going? 
396	1	a	From here after The performance award is calculated every two month.not for current one month period.. 
397	1	a	Was actually sleeping and still might when u call back. So a text is gr8. You rock sis. Will send u a text wen i wake. 
398	1	a	You are always putting your business out there. You put pictures of your ass on facebook. You are one of the most open people i've ever met. Why would i think a picture of your room would hurt you, make you feel violated. 
399	1	a	Good evening Sir, Al Salam Wahleykkum.sharing a happy news.By the grace of God, i got an offer from Tayseer,TISSCO and i joined.Hope you are fine.Inshah Allah,meet you sometime.Rakhesh,visitor from India. 
400	1	a	Hmmm...k...but i want to change the field quickly da:-)i wanna get system administrator or network administrator.. 
401	0	a	FREE RINGTONE text FIRST to 87131 for a poly or text GET to 87131 for a true tone! Help? 0845 2814032 16 after 1st free, tones are 3x£150pw to e£nd txt stop 
402	1	a	Dear how is chechi. Did you talk to her 
403	1	a	The hair cream has not been shipped. 
404	1	a	None of that's happening til you get here though 
405	1	a	Yep, the great loxahatchee xmas tree burning of &lt;#&gt; starts in an hour 
406	1	a	Haha get used to driving to usf man, I know a lot of stoners 
407	1	a	All was well until slightly disastrous class this pm with my fav darlings! Hope day off ok. Coffee wld be good as can't stay late tomorrow. Same time + place as always? 
408	1	a	Hello! Good week? Fancy a drink or something later? 
409	1	a	Headin towards busetop 
410	1	a	Message:some text missing* Sender:Name Missing* *Number Missing *Sent:Date missing *Missing U a lot thats y everything is missing sent via fullonsms.com 
411	1	a	Come by our room at some point so we can iron out the plan for this weekend 
412	1	a	Cos i want it to be your thing 
413	1	a	Okies... I'll go yan jiu too... We can skip ard oso, go cine den go mrt one, blah blah blah... 
414	1	a	Bring home some Wendy =D 
415	0	a	100 dating service cal;l 09064012103 box334sk38ch 
416	1	a	Whatsup there. Dont u want to sleep 
417	1	a	Alright i have a new goal now 
418	0	a	FREE entry into our £250 weekly competition just text the word WIN to 80086 NOW. 18 T&C www.txttowin.co.uk 
419	1	a	Alright, I'll head out in a few minutes, text me where to meet you 
420	0	a	Send a logo 2 ur lover - 2 names joined by a heart. Txt LOVE NAME1 NAME2 MOBNO eg LOVE ADAM EVE 07123456789 to 87077 Yahoo! POBox36504W45WQ TxtNO 4 no ads 150p 
421	1	a	Yes:)from last week itself i'm taking live call. 
422	0	a	Someone has contacted our dating service and entered your phone because they fancy you! To find out who it is call from a landline 09111032124 . PoBox12n146tf150p 
423	1	a	Siva is in hostel aha:-. 
424	0	a	URGENT! Your Mobile number has been awarded with a £2000 prize GUARANTEED. Call 09058094455 from land line. Claim 3030. Valid 12hrs only 
425	1	a	Send this to ur friends and receive something about ur voice..... How is my speaking expression? 1.childish 2.naughty 3.Sentiment 4.rowdy 5.ful of attitude 6.romantic 7.shy 8.Attractive 9.funny &lt;#&gt; .irritating &lt;#&gt; .lovable. reply me.. 
426	1	a	Ok. She'll be ok. I guess 
427	1	a	aathi..where are you dear.. 
428	1	a	Any pain on urination any thing else? 
429	1	a	7 at esplanade.. Do ü mind giving me a lift cos i got no car today.. 
430	1	a	I wnt to buy a BMW car urgently..its vry urgent.but hv a shortage of &lt;#&gt; Lacs.there is no source to arng dis amt. &lt;#&gt; lacs..thats my prob 
431	1	a	At home watching tv lor. 
432	1	a	Does she usually take fifteen fucking minutes to respond to a yes or no question 
433	0	a	Congrats! Nokia 3650 video camera phone is your Call 09066382422 Calls cost 150ppm Ave call 3mins vary from mobiles 16+ Close 300603 post BCM4284 Ldn WC1N3XX 
434	1	a	Booked ticket for pongal? 
435	1	a	You available now? I'm like right around hillsborough &amp; &lt;#&gt; th 
436	1	a	The message sent is askin for &lt;#&gt; dollars. Shoul i pay &lt;#&gt; or &lt;#&gt; ? 
437	1	a	Ask g or iouri, I've told the story like ten times already 
438	1	a	How long does applebees fucking take 
439	1	a	Hi hope u get this txt~journey hasnt been gd,now about 50 mins late I think. 
440	1	a	But i have to. I like to have love and arrange. 
441	1	a	Yes..he is really great..bhaji told kallis best cricketer after sachin in world:).very tough to get out. 
442	1	a	You were supposed to wake ME up &gt;:( 
443	1	a	Oic... I saw him too but i tot he din c me... I found a group liao... 
444	1	a	Sorry, I'll call later 
445	1	a	"""HEY HEY WERETHE MONKEESPEOPLE SAY WE MONKEYAROUND! HOWDY GORGEOUS, HOWU DOIN? FOUNDURSELF A JOBYET SAUSAGE?LOVE JEN XXX"" "
446	1	a	Sorry, my battery died, I can come by but I'm only getting a gram for now, where's your place? 
447	1	a	Well done, blimey, exercise, yeah, i kinda remember wot that is, hmm. 
448	1	a	I wont get concentration dear you know you are my mind and everything :-) 
449	1	a	LOL ... Have you made plans for new years? 
450	1	a	10 min later k... 
451	1	a	hanks lotsly! 
452	1	a	Thanks for this hope you had a good day today 
453	1	a	K:)k:)what are detail you want to transfer?acc no enough? 
454	1	a	Ok i will tell her to stay out. Yeah its been tough but we are optimistic things will improve this month. 
455	0	a	Loan for any purpose £500 - £75,000. Homeowners + Tenants welcome. Have you been previously refused? We can still help. Call Free 0800 1956669 or text back 'help' 
456	1	a	Si si. I think ill go make those oreo truffles. 
457	1	a	LOOK AT AMY URE A BEAUTIFUL, INTELLIGENT WOMAN AND I LIKE U A LOT. I KNOW U DONT LIKE ME LIKE THAT SO DONT WORRY. 
458	1	a	I hope you that's the result of being consistently intelligent and kind. Start asking him about practicum links and keep your ears open and all the best. ttyl 
459	1	a	1.20 that call cost. Which i guess isnt bad. Miss ya, need ya, want ya, love ya 
460	1	a	Going thru a very different feeling.wavering decisions and coping up with the same is the same individual.time will heal everything i believe. 
461	1	a	Where did u go? My phone is gonna die you have to stay in here 
462	1	a	Great. Never been better. Each day gives even more reasons to thank God 
463	0	a	UpgrdCentre Orange customer, you may now claim your FREE CAMERA PHONE upgrade for your loyalty. Call now on 0207 153 9153. Offer ends 26th July. T&C's apply. Opt-out available 
464	1	a	Sorry, I'll call later ok bye 
465	1	a	Ok i am on the way to railway 
466	1	a	great princess! I love giving and receiving oral. Doggy style is my fave position. How about you? I enjoy making love &lt;#&gt; times per night :) 
467	1	a	They don't put that stuff on the roads to keep it from getting slippery over there? 
468	1	a	When are you going to ride your bike? 
469	1	a	Yup, no need. I'll jus wait 4 e rain 2 stop. 
470	1	a	There are many company. Tell me the language. 
471	0	a	okmail: Dear Dave this is your final notice to collect your 4* Tenerife Holiday or #5000 CASH award! Call 09061743806 from landline. TCs SAE Box326 CW25WX 150ppm 
472	1	a	How long has it been since you screamed, princess? 
473	1	a	Nothing. I meant that once the money enters your account here, the bank will remove its flat rate. Someone transfered &lt;#&gt; to my account and &lt;#&gt; dollars got removed. So the banks differ and charges also differ.be sure you trust the 9ja person you are sending account details to cos... 
474	0	a	Want 2 get laid tonight? Want real Dogging locations sent direct 2 ur Mob? Join the UK's largest Dogging Network by txting MOAN to 69888Nyt. ec2a. 31p.msg@150p 
475	1	a	Nice line said by a broken heart- Plz don't cum 1 more times infront of me... Other wise once again I ll trust U... Good 9t:) 
476	1	a	Ok I'm gonna head up to usf in like fifteen minutes 
477	1	a	Love you aathi..love u lot.. 
478	1	a	Tension ah?what machi?any problem? 
479	1	a	K, can I pick up another 8th when you're done? 
480	1	a	When're you guys getting back? G said you were thinking about not staying for mcr 
481	1	a	Almost there, see u in a sec 
482	1	a	Yo carlos, a few friends are already asking me about you, you working at all this weekend? 
483	1	a	Watching tv lor... 
484	1	a	Thank you baby! I cant wait to taste the real thing... 
485	1	a	You should change your fb to jaykwon thuglyfe falconerf 
486	1	a	If we win its really no 1 side for long time. 
487	0	a	FREE MESSAGE Activate your 500 FREE Text Messages by replying to this message with the word FREE For terms & conditions, visit www.07781482378.com 
488	1	a	Dear reached railway. What happen to you 
489	1	a	Depends on quality. If you want the type i sent boye, faded glory, then about 6. If you want ralphs maybe 2 
490	1	a	I think i've fixed it can you send a test message? 
491	1	a	Sorry man my account's dry or I would, if you want we could trade back half or I could buy some shit with my credit card 
492	0	a	Congrats! 1 year special cinema pass for 2 is yours. call 09061209465 now! C Suprman V, Matrix3, StarWars3, etc all 4 FREE! bx420-ip4-5we. 150pm. Dont miss out! 
493	1	a	Sorry,in meeting I'll call later 
494	1	a	What class of &lt;#&gt; reunion? 
495	1	a	Are you free now?can i call now? 
496	1	a	Got meh... When? 
497	1	a	Nope... Think i will go for it on monday... Sorry i replied so late 
498	1	a	Some of them told accenture is not confirm. Is it true. 
499	1	a	Kate jackson rec center before 7ish, right? 
500	1	a	Dear i have reache room 
501	1	a	Fighting with the world is easy, u either win or lose bt fightng with some1 who is close to u is dificult if u lose - u lose if u win - u still lose. 
502	1	a	When can ü come out? 
503	1	a	Check with nuerologist. 
504	1	a	Lolnice. I went from a fish to ..water.? 
505	0	a	+123 Congratulations - in this week's competition draw u have won the £1450 prize to claim just call 09050002311 b4280703. T&Cs/stop SMS 08718727868. Over 18 only 150ppm 
506	1	a	No it's waiting in e car dat's bored wat. Cos wait outside got nothing 2 do. At home can do my stuff or watch tv wat. 
507	1	a	Maybe westshore or hyde park village, the place near my house? 
508	1	a	You should know now. So how's anthony. Are you bringing money. I've school fees to pay and rent and stuff like that. Thats why i need your help. A friend in need....| 
509	1	a	What's the significance? 
510	1	a	Your opinion about me? 1. Over 2. Jada 3. Kusruthi 4. Lovable 5. Silent 6. Spl character 7. Not matured 8. Stylish 9. Simple Pls reply.. 
511	1	a	8 at the latest, g's still there if you can scrounge up some ammo and want to give the new ak a try 
512	1	a	Prabha..i'm soryda..realy..frm heart i'm sory 
513	1	a	Lol ok your forgiven :) 
514	1	a	No..jst change tat only.. 
515	0	a	You are guaranteed the latest Nokia Phone, a 40GB iPod MP3 player or a £500 prize! Txt word: COLLECT to No: 83355! IBHltd LdnW15H 150p/Mtmsgrcvd18+ 
516	1	a	S:)no competition for him. 
517	0	a	Boltblue tones for 150p Reply POLY# or MONO# eg POLY3 1. Cha Cha Slide 2. Yeah 3. Slow Jamz 6. Toxic 8. Come With Me or STOP 4 more tones txt MORE 
518	0	a	Your credits have been topped up for http://www.bubbletext.com Your renewal Pin is tgxxrz 
519	1	a	That way transport is less problematic than on sat night. By the way, if u want to ask n to join my bday, feel free. But need to know definite nos as booking on fri. 
520	1	a	Usually the person is unconscious that's in children but in adults they may just behave abnormally. I.ll call you now 
521	1	a	But that's on ebay it might be less elsewhere. 
522	1	a	Shall i come to get pickle 
523	1	a	Were gonna go get some tacos 
524	1	a	That's very rude, you on campus? 
525	0	a	URGENT!: Your Mobile No. was awarded a £2,000 Bonus Caller Prize on 02/09/03! This is our 2nd attempt to contact YOU! Call 0871-872-9755 BOX95QU 
526	1	a	Hi i won't b ard 4 christmas. But do enjoy n merry x'mas. 
527	0	a	Today's Offer! Claim ur £150 worth of discount vouchers! Text YES to 85023 now! SavaMob, member offers mobile! T Cs 08717898035. £3.00 Sub. 16 . Unsub reply X 
528	1	a	Yes! How is a pretty lady like you single? 
529	0	a	You will recieve your tone within the next 24hrs. For Terms and conditions please see Channel U Teletext Pg 750 
530	1	a	Jay says that you're a double-faggot 
531	0	a	PRIVATE! Your 2003 Account Statement for 07815296484 shows 800 un-redeemed S.I.M. points. Call 08718738001 Identifier Code 41782 Expires 18/11/04 
532	1	a	What Today-sunday..sunday is holiday..so no work.. 
533	1	a	Gudnite....tc...practice going on 
534	1	a	I'll be late... 
535	1	a	I've not called you in a while. This is hoping it was l8r malaria and that you know that we miss you guys. I miss Bani big, so pls give her my love especially. Have a great day. 
536	1	a	Good afternoon, my love! How goes that day ? I hope maybe you got some leads on a job. I think of you, boytoy and send you a passionate kiss from across the sea 
537	1	a	Probably gonna be here for a while, see you later tonight &lt;) 
538	1	a	Or maybe my fat fingers just press all these buttons and it doesn't know what to do. 
539	1	a	Ummmmmaah Many many happy returns of d day my dear sweet heart.. HAPPY BIRTHDAY dear 
540	1	a	I am in tirupur da, once you started from office call me. 
541	0	a	from www.Applausestore.com MonthlySubscription@50p/msg max6/month T&CsC web age16 2stop txt stop 
542	1	a	A famous quote : when you develop the ability to listen to 'anything' unconditionally without losing your temper or self confidence, it means you are ......... 'MARRIED' 
543	1	a	But am going to college pa. What to do. are else ill come there it self. Pa. 
544	1	a	4 oclock at mine. Just to bash out a flat plan. 
545	1	a	This girl does not stay in bed. This girl doesn't need recovery time. Id rather pass out while having fun then be cooped up in bed 
546	1	a	Then any special there? 
547	1	a	I know but you need to get hotel now. I just got my invitation but i had to apologise. Cali is to sweet for me to come to some english bloke's weddin 
548	1	a	Sorry that took so long, omw now 
549	1	a	Wait &lt;#&gt; min.. 
550	1	a	Ok give me 5 minutes I think I see her. BTW you're my alibi. You were cutting my hair the whole time. 
551	1	a	Imagine you finally get to sink into that bath after I have put you through your paces, maybe even having you eat me for a while before I left ... But also imagine the feel of that cage on your cock surrounded by the bath water, reminding you always who owns you ... Enjoy, my cuck 
552	1	a	Hurry up, I've been weed-deficient for like three days 
553	1	a	Sure, if I get an acknowledgement from you that it's astoundingly tactless and generally faggy to demand a blood oath fo 
554	1	a	Ok. Every night take a warm bath drink a cup of milk and you'll see a work of magic. You still need to loose weight. Just so that you know 
555	1	a	I‘ll have a look at the frying pan in case it‘s cheap or a book perhaps. No that‘s silly a frying pan isn‘t likely to be a book 
556	1	a	O. Well uv causes mutations. Sunscreen is like essential thesedays 
557	1	a	Having lunch:)you are not in online?why? 
558	1	a	I know that my friend already told that. 
559	1	a	Hi Princess! Thank you for the pics. You are very pretty. How are you? 
560	1	a	Aiyo... U always c our ex one... I dunno abt mei, she haven reply... First time u reply so fast... Y so lucky not workin huh, got bao by ur sugardad ah...gee.. 
561	1	a	Hi msg me:)i'm in office.. 
562	1	a	Thanx 4 e brownie it's v nice... 
563	1	a	Geeeee ... I love you so much I can barely stand it 
564	0	a	GENT! We are trying to contact you. Last weekends draw shows that you won a £1000 prize GUARANTEED. Call 09064012160. Claim Code K52. Valid 12hrs only. 150ppm 
565	1	a	Fuck babe ... I miss you already, you know ? Can't you let me send you some money towards your net ? I need you ... I want you ... I crave you ... 
566	1	a	Ill call u 2mrw at ninish, with my address that icky American freek wont stop callin me 2 bad Jen k eh? 
567	1	a	Oooh bed ridden ey? What are YOU thinking of? 
568	1	a	So anyways, you can just go to your gym or whatever, my love *smiles* I hope your ok and having a good day babe ... I miss you so much already 
569	1	a	Love it! Daddy will make you scream with pleasure! I am going to slap your ass with my dick! 
570	1	a	WOT U WANNA DO THEN MISSY? 
571	1	a	Yar lor wait 4 my mum 2 finish sch then have lunch lor... I whole morning stay at home clean my room now my room quite clean... Hee... 
572	1	a	Do you know where my lab goggles went 
573	1	a	Can you open the door? 
574	1	a	Waiting for your call. 
575	1	a	Nope i waiting in sch 4 daddy... 
576	0	a	You have won ?1,000 cash or a ?2,000 prize! To claim, call09050000327 
577	1	a	I'm tired of arguing with you about this week after week. Do what you want and from now on, i'll do the same. 
578	1	a	Ü wait 4 me in sch i finish ard 5.. 
579	0	a	our mobile number has won £5000, to claim calls us back or ring the claims hot line on 09050005321. 
580	1	a	Arngd marriage is while u r walkin unfortuntly a snake bites u. bt love marriage is dancing in frnt of d snake &amp; sayin Bite me, bite me. 
581	1	a	Huh so early.. Then ü having dinner outside izzit? 
582	1	a	Ok anyway no need to change with what you said 
583	0	a	We tried to contact you re your reply to our offer of 750 mins 150 textand a new video phone call 08002988890 now or reply for free delivery tomorrow 
584	1	a	my ex-wife was not able to have kids. Do you want kids one day? 
585	1	a	So how's scotland. Hope you are not over showing your JJC tendencies. Take care. Live the dream 
586	1	a	Tell them u have a headache and just want to use 1 hour of sick time. 
587	1	a	I dun thk i'll quit yet... Hmmm, can go jazz ? Yogasana oso can... We can go meet em after our lessons den... 
588	1	a	"""Pete can you please ring meive hardly gotany credit"" "
589	1	a	Ya srsly better than yi tho 
590	1	a	I'm in a meeting, call me later at 
591	0	a	For ur chance to win a £250 wkly shopping spree TXT: SHOP to 80878. T's&C's www.txt-2-shop.com custcare 08715705022, 1x150p/wk 
592	0	a	You have been specially selected to receive a 2000 pound award! Call 08712402050 BEFORE the lines close. Cost 10ppm. 16+. T&Cs apply. AG Promo 
593	0	a	PRIVATE! Your 2003 Account Statement for 07753741225 shows 800 un-redeemed S. I. M. points. Call 08715203677 Identifier Code: 42478 Expires 24/10/04 
594	1	a	You still at grand prix? 
595	1	a	I met you as a stranger and choose you as my friend. As long as the world stands, our friendship never ends. Lets be Friends forever!!! Gud nitz... 
596	1	a	I am great! How are you? 
597	1	a	Gud mrng dear have a nice day 
598	0	a	You have an important customer service announcement. Call FREEPHONE 0800 542 0825 now! 
599	1	a	Will do. Was exhausted on train this morning. Too much wine and pie. You sleep well too 
600	1	a	I'm going out to buy mum's present ar. 
601	1	a	Mind blastin.. No more Tsunamis will occur from now on.. Rajnikant stopped swimming in Indian Ocean..:-D 
602	1	a	If u sending her home first it's ok lor. I'm not ready yet. 
603	1	a	Speaking of does he have any cash yet? 
604	1	a	Be happy there. I will come after noon 
605	1	a	Meet after lunch la... 
606	1	a	TaKe CaRE n gET WeLL sOOn 
607	0	a	XCLUSIVE@CLUBSAISAI 2MOROW 28/5 SOIREE SPECIALE ZOUK WITH NICHOLS FROM PARIS.FREE ROSES 2 ALL LADIES !!! info: 07946746291/07880867867 
608	1	a	what I meant to say is cant wait to see u again getting bored of this bridgwater banter 
609	1	a	Neva mind it's ok.. 
610	1	a	It's fine, imma get a drink or somethin. Want me to come find you? 
611	0	a	22 days to kick off! For Euro2004 U will be kept up to date with the latest news and results daily. To be removed send GET TXT STOP to 83222 
612	1	a	Its a valentine game. . . Send dis msg to all ur friends. .. If 5 answers r d same then someone really loves u. Ques- which colour suits me the best?rply me 
613	1	a	I have many dependents 
614	1	a	THANX4 TODAY CER IT WAS NICE 2 CATCH UP BUT WE AVE 2 FIND MORE TIME MORE OFTEN OH WELL TAKE CARE C U SOON.C 
615	1	a	I called and said all to him:)then he have to choose this future. 
616	1	a	"""Happy valentines day"" I know its early but i have hundreds of handsomes and beauties to wish. So i thought to finish off aunties and uncles 1st... "
617	1	a	He like not v shock leh. Cos telling shuhui is like telling leona also. Like dat almost all know liao. He got ask me abt ur reaction lor. 
618	1	a	For my family happiness.. 
619	1	a	I come n pick ü up... Come out immediately aft ur lesson... 
620	1	a	Let there be snow. Let there be snow. This kind of weather brings ppl together so friendships can grow. 
621	1	a	Dear we got &lt;#&gt; dollars hi hi 
622	1	a	Good words.... But words may leave u in dismay many times. 
623	1	a	MAKE SURE ALEX KNOWS HIS BIRTHDAY IS OVER IN FIFTEEN MINUTES AS FAR AS YOU'RE CONCERNED 
624	1	a	sorry, no, have got few things to do. may be in pub later. 
625	1	a	Nah it's straight, if you can just bring bud or drinks or something that's actually a little more useful than straight cash 
626	1	a	Haha good to hear, I'm officially paid and on the market for an 8th 
627	1	a	How many licks does it take to get to the center of a tootsie pop? 
628	1	a	Yup i thk they r e teacher said that will make my face look longer. Darren ask me not 2 cut too short. 
629	0	a	New TEXTBUDDY Chat 2 horny guys in ur area 4 just 25p Free 2 receive Search postcode or at gaytextbuddy.com. TXT ONE name to 89693 
630	0	a	Todays Vodafone numbers ending with 4882 are selected to a receive a £350 award. If your number matches call 09064019014 to receive your £350 award. 
631	1	a	Please dont say like that. Hi hi hi 
632	1	a	Thank u! 
633	1	a	Oh that was a forwarded message. I thought you send that to me 
634	1	a	Got it. Seventeen pounds for seven hundred ml – hope ok. 
635	0	a	Dear Voucher Holder, 2 claim this weeks offer, at your PC go to http://www.e-tlp.co.uk/expressoffer Ts&Cs apply.2 stop texts txt STOP to 80062. 
636	1	a	Me n him so funny... 
637	1	a	Sweetheart, hope you are not having that kind of day! Have one with loads of reasons to smile. Biola 
638	1	a	When ü login dat time... Dad fetching ü home now? 
639	1	a	What will we do in the shower, baby? 
640	1	a	I had askd u a question some hours before. Its answer 
641	1	a	Well imma definitely need to restock before thanksgiving, I'll let you know when I'm out 
642	1	a	said kiss, kiss, i can't do the sound effects! He is a gorgeous man isn't he! Kind of person who needs a smile to brighten his day! 
643	1	a	Probably gonna swing by in a wee bit 
644	1	a	Ya very nice. . .be ready on thursday 
645	1	a	Allo! We have braved the buses and taken on the trains and triumphed. I mean we‘re in b‘ham. Have a jolly good rest of week 
646	1	a	Watching cartoon, listening music &amp; at eve had to go temple &amp; church.. What about u? 
647	1	a	Do you mind if I ask what happened? You dont have to say if it is uncomfortable. 
648	0	a	PRIVATE! Your 2003 Account Statement for shows 800 un-redeemed S. I. M. points. Call 08715203694 Identifier Code: 40533 Expires 31/10/04 
649	1	a	No prob. I will send to your email. 
650	0	a	You have won ?1,000 cash or a ?2,000 prize! To claim, call09050000327. T&C: RSTM, SW7 3SS. 150ppm 
651	1	a	Thats cool! Sometimes slow and gentle. Sonetimes rough and hard :) 
652	1	a	I'm gonna say no. Sorry. I would but as normal am starting to panic about time. Sorry again! Are you seeing on Tuesday? 
653	1	a	Wait, do you know if wesleys in town? I bet she does hella drugs! 
654	1	a	Fine i miss you very much. 
655	1	a	Did u got that persons story 
656	1	a	Tell them the drug dealer's getting impatient 
657	1	a	Sun cant come to earth but send luv as rays. cloud cant come to river but send luv as rain. I cant come to meet U, but can send my care as msg to U. Gud evng 
658	1	a	You will be in the place of that man 
659	1	a	It doesnt make sense to take it there unless its free. If you need to know more, wikipedia.com 
660	0	a	88800 and 89034 are premium phone services call 08718711108 
661	1	a	Under the sea, there lays a rock. In the rock, there is an envelope. In the envelope, there is a paper. On the paper, there are 3 words... ' 
662	1	a	Then mum's repent how? 
663	1	a	Sorry me going home first... Daddy come fetch ü later... 
664	1	a	Leave it de:-). Start Prepare for next:-).. 
665	1	a	Yes baby! We can study all the positions of the kama sutra ;) 
666	1	a	En chikku nange bakra msg kalstiya..then had tea/coffee? 
667	1	a	Carlos'll be here in a minute if you still need to buy 
668	1	a	This pay is &lt;DECIMAL&gt; lakhs:) 
669	1	a	Have a good evening! Ttyl 
670	1	a	Did u receive my msg? 
671	1	a	Ho ho - big belly laugh! See ya tomo 
672	0	a	"SMS. ac sun0819 posts HELLO:""You seem cool, wanted to say hi. HI!!!"" Stop? Send STOP to 62468 "
673	0	a	Get ur 1st RINGTONE FREE NOW! Reply to this msg with TONE. Gr8 TOP 20 tones to your phone every week just £1.50 per wk 2 opt out send STOP 08452810071 16 
674	1	a	Ditto. And you won't have to worry about me saying ANYTHING to you anymore. Like i said last night, you do whatever you want and i'll do the same. Peace. 
675	1	a	I've got &lt;#&gt; , any way I could pick up? 
676	1	a	I dont knw pa, i just drink milk.. 
677	1	a	Maybe?! Say hi to and find out if got his card. Great escape or wetherspoons? 
678	1	a	Piggy, r u awake? I bet u're still sleeping. I'm going 4 lunch now... 
679	1	a	Cause I'm not freaky lol 
680	1	a	Missed your call cause I was yelling at scrappy. Miss u. Can't wait for u to come home. I'm so lonely today. 
681	1	a	What is this 'hex' place you talk of? Explain! 
682	1	a	Ü log off 4 wat. It's sdryb8i 
683	1	a	Is xy going 4 e lunch? 
684	0	a	Hi I'm sue. I am 20 years old and work as a lapdancer. I love sex. Text me live - I'm i my bedroom now. text SUE to 89555. By TextOperator G2 1DA 150ppmsg 18+ 
685	1	a	I wanted to ask ü to wait 4 me to finish lect. Cos my lect finishes in an hour anyway. 
686	1	a	Have you finished work yet? :) 
687	1	a	Every King Was Once A Crying Baby And Every Great Building Was Once A Map.. Not Imprtant Where U r TODAY, BUT Where U Wil Reach TOMORW. Gud ni8 
688	1	a	Dear,Me at cherthala.in case u r coming cochin pls call bfore u start.i shall also reach accordingly.or tell me which day u r coming.tmorow i am engaged ans its holiday. 
689	1	a	Thanks love. But am i doing torch or bold. 
690	0	a	<Forwarded from 448712404000>Please CALL 08712404000 immediately as there is an urgent message waiting for you. 
691	1	a	Was the farm open? 
692	1	a	Sorry to trouble u again. Can buy 4d for my dad again? 1405, 1680, 1843. All 2 big 1 small, sat n sun. Thanx. 
693	1	a	My sister in law, hope you are having a great month. Just saying hey. Abiola 
694	1	a	Will purchase d stuff today and mail to you. Do you have a po box number? 
695	1	a	Ah poop. Looks like ill prob have to send in my laptop to get fixed cuz it has a gpu problem 
696	1	a	Good. Good job. I like entrepreneurs 
697	1	a	Aight, you close by or still down around alex's place? 
698	1	a	meet you in corporation st outside gap … you can see how my mind is working! 
699	1	a	Mum ask ü to buy food home... 
700	1	a	K..u also dont msg or reply to his msg.. 
701	1	a	How much r ü willing to pay? 
702	1	a	Sorry, I'll call later 
703	1	a	What is important is that you prevent dehydration by giving her enough fluids 
704	1	a	Thats a bit weird, even ?- where is the do supposed to be happening? But good idea, sure they will be in pub! 
705	1	a	True dear..i sat to pray evening and felt so.so i sms'd you in some time... 
706	1	a	I don't think I can get away for a trek that long with family in town, sorry 
707	1	a	So when do you wanna gym harri 
708	1	a	Quite late lar... Ard 12 anyway i wun b drivin... 
709	0	a	To review and KEEP the fantastic Nokia N-Gage game deck with Club Nokia, go 2 www.cnupdates.com/newsletter. unsubscribe from alerts reply with the word OUT 
710	0	a	4mths half price Orange line rental & latest camera phones 4 FREE. Had your phone 11mths+? Call MobilesDirect free on 08000938767 to update now! or2stoptxt T&Cs 
711	1	a	"Height of Confidence: All the Aeronautics professors wer calld &amp; they wer askd 2 sit in an aeroplane. Aftr they sat they wer told dat the plane ws made by their students. Dey all hurried out of d plane.. Bt only 1 didnt move... He said:""if it is made by my students,this wont even start........ Datz confidence.. "
712	1	a	It just seems like weird timing that the night that all you and g want is for me to come smoke is the same day as when a shitstorm is attributed to me always coming over and making everyone smoke 
713	0	a	08714712388 between 10am-7pm Cost 10p 
714	1	a	Save yourself the stress. If the person has a dorm account, just send your account details and the money will be sent to you. 
715	1	a	He also knows about lunch menu only da. . I know 
716	1	a	When i have stuff to sell i.ll tell you 
717	0	a	+449071512431 URGENT! This is the 2nd attempt to contact U!U have WON £1250 CALL 09071512433 b4 050703 T&CsBCM4235WC1N3XX. callcost 150ppm mobilesvary. max£7. 50 
718	1	a	Book which lesson? then you msg me... I will call up after work or sth... I'm going to get specs. My membership is PX3748 
719	0	a	You have WON a guaranteed £1000 cash or a £2000 prize. To claim yr prize call our customer service representative on 08714712394 between 10am-7pm 
720	1	a	Macha dont feel upset.i can assume your mindset.believe me one evening with me and i have some wonderful plans for both of us.LET LIFE BEGIN AGAIN.call me anytime 
721	1	a	Oh is it? Send me the address 
722	1	a	S'fine. Anytime. All the best with it. 
723	1	a	That is wondar full flim. 
724	1	a	Ya even those cookies have jelly on them 
725	1	a	The world is running and i am still.maybe all are feeling the same,so be it.or i have to admit,i am mad.then where is the correction?or let me call this is life.and keep running with the world,may be u r also running.lets run. 
726	1	a	Got it! It looks scrumptious... daddy wants to eat you all night long! 
727	1	a	Of cos can lar i'm not so ba dao ok... 1 pm lor... Y u never ask where we go ah... I said u would ask on fri but he said u will ask today... 
728	1	a	Alright omw, gotta change my order to a half8th 
729	1	a	Exactly. Anyways how far. Is jide her to study or just visiting 
730	1	a	Dunno y u ask me. 
731	0	a	Email AlertFrom: Jeri StewartSize: 2KBSubject: Low-cost prescripiton drvgsTo listen to email call 123 
732	1	a	No he didn't. Spring is coming early yay! 
733	1	a	Lol you won't feel bad when I use her money to take you out to a steak dinner =D 
734	1	a	Even u dont get in trouble while convincing..just tel him once or twice and just tel neglect his msgs dont c and read it..just dont reply 
735	1	a	Leaving to qatar tonite in search of an opportunity.all went fast.pls add me in ur prayers dear.Rakhesh 
736	1	a	Then why no one talking to me 
737	1	a	Thanks for looking out for me. I really appreciate. 
738	0	a	Hi. Customer Loyalty Offer:The NEW Nokia6650 Mobile from ONLY £10 at TXTAUCTION! Txt word: START to No: 81151 & get yours Now! 4T&Ctxt TC 150p/MTmsg 
739	1	a	Wish i were with you now! 
740	1	a	Haha mayb u're rite... U know me well. Da feeling of being liked by someone is gd lor. U faster go find one then all gals in our group attached liao. 
741	1	a	Yes i will be there. Glad you made it. 
742	1	a	Do well :)all will for little time. Thing of good times ahead: 
743	1	a	Just got up. have to be out of the room very soon. …. i hadn't put the clocks back til at 8 i shouted at everyone to get up and then realised it was 7. wahay. another hour in bed. 
744	1	a	Ok. There may be a free gym about. 
745	1	a	Men like shorter ladies. Gaze up into his eyes. 
746	1	a	Dunno he jus say go lido. Same time 930. 
747	1	a	I promise to take good care of you, princess. I have to run now. Please send pics when you get a chance. Ttyl! 
748	0	a	U are subscribed to the best Mobile Content Service in the UK for £3 per 10 days until you send STOP to 82324. Helpline 08706091795 
749	1	a	Is there a reason we've not spoken this year? Anyways have a great week and all the best in your exam 
750	1	a	By monday next week. Give me the full gist 
751	0	a	Do you realize that in about 40 years, we'll have thousands of old ladies running around with tattoos? 
752	0	a	You have an important customer service announcement from PREMIER. 
753	1	a	Dont gimme that lip caveboy 
754	1	a	When did you get to the library 
755	1	a	Realy sorry-i don't recognise this number and am now confused :) who r u please?! 
756	1	a	So why didnt you holla? 
757	1	a	Cant think of anyone with * spare room off * top of my head 
758	1	a	Faith makes things possible,Hope makes things work,Love makes things beautiful,May you have all three this Christmas!Merry Christmas! 
759	1	a	U should have made an appointment 
760	1	a	Call me when you/carlos is/are here, my phone's vibrate is acting up and I might not hear texts 
761	0	a	Romantic Paris. 2 nights, 2 flights from £79 Book now 4 next year. Call 08704439680Ts&Cs apply. 
762	1	a	We are at grandmas. Oh dear, u still ill? I felt Shit this morning but i think i am just hungover! Another night then. We leave on sat. 
763	0	a	Urgent Ur £500 guaranteed award is still unclaimed! Call 09066368327 NOW closingdate04/09/02 claimcode M39M51 £1.50pmmorefrommobile2Bremoved-MobyPOBox734LS27YF 
764	1	a	Nothing but we jus tot u would ask cos u ba gua... But we went mt faber yest... Yest jus went out already mah so today not going out... Jus call lor... 
765	1	a	"Wishing you and your family Merry ""X"" mas and HAPPY NEW Year in advance.. "
766	0	a	UR awarded a City Break and could WIN a £200 Summer Shopping spree every WK. Txt STORE to 88039 . SkilGme. TsCs087147403231Winawk!Age16 £1.50perWKsub 
767	1	a	I'm nt goin, got somethin on, unless they meetin 4 dinner lor... Haha, i wonder who will go tis time... 
768	1	a	Sorry, I'll call later 
769	1	a	I cant pick the phone right now. Pls send a message 
770	1	a	Lol I know! They're so dramatic. Schools already closed for tomorrow. Apparently we can't drive in the inch of snow were supposed to get. 
771	1	a	Not getting anywhere with this damn job hunting over here! 
772	1	a	Lol! U drunkard! Just doing my hair at d moment. Yeah still up 4 tonight. Wats the plan? 
773	1	a	idc get over here, you are not weaseling your way out of this shit twice in a row 
774	1	a	I wil be there with in &lt;#&gt; minutes. Got any space 
775	1	a	Just sleeping..and surfing 
776	1	a	Thanks for picking up the trash. 
777	1	a	Why don't you go tell your friend you're not sure you want to live with him because he smokes too much then spend hours begging him to come smoke 
778	1	a	"""Hi its Kate it was lovely to see you tonight and ill phone you tomorrow. I got to sing and a guy gave me his card! xxx"" "
779	1	a	Happy New year my dear brother. I really do miss you. Just got your number and decided to send you this text wishing you only happiness. Abiola 
780	1	a	That means get the door 
781	1	a	Your opinion about me? 1. Over 2. Jada 3. Kusruthi 4. Lovable 5. Silent 6. Spl character 7. Not matured 8. Stylish 9. Simple Pls reply.. 
782	1	a	Hmmm ... I thought we said 2 hours slave, not 3 ... You are late ... How should I punish you ? 
783	1	a	Beerage? 
784	0	a	You have an important customer service announcement from PREMIER. Call FREEPHONE 0800 542 0578 now! 
785	1	a	Dont think so. It turns off like randomlly within 5min of opening 
786	1	a	She was supposed to be but couldn't make it, she's still in town though 
787	1	a	It does it on its own. Most of the time it fixes my spelling. But sometimes it gets a completely diff word. Go figure 
788	0	a	Ever thought about living a good life with a perfect partner? Just txt back NAME and AGE to join the mobile community. (100p/SMS) 
789	0	a	5 Free Top Polyphonic Tones call 087018728737, National Rate. Get a toppoly tune sent every week, just text SUBPOLY to 81618, £3 per pole. UnSub 08718727870. 
790	1	a	Gud mrng dear hav a nice day 
791	1	a	This is hoping you enjoyed your game yesterday. Sorry i've not been in touch but pls know that you are fondly bein thot off. Have a great week. Abiola 
792	1	a	All e best 4 ur driving tmr :-) 
793	1	a	Y?WHERE U AT DOGBREATH? ITS JUST SOUNDING LIKE JAN C THATS AL!!!!!!!!! 
794	1	a	Omg I want to scream. I weighed myself and I lost more weight! Woohoo! 
795	1	a	There generally isn't one. It's an uncountable noun - u in the dictionary. pieces of research? 
796	1	a	it's really getting me down just hanging around. 
797	0	a	Orange customer, you may now claim your FREE CAMERA PHONE upgrade for your loyalty. Call now on 0207 153 9996. Offer ends 14thMarch. T&C's apply. Opt-out availa 
798	1	a	"""Petey boy whereare you me and all your friendsare in theKingshead come down if you canlove Nic"" "
799	1	a	Ok i msg u b4 i leave my house. 
800	1	a	"""Gimme a few"" was &lt;#&gt; minutes ago "
801	0	a	Last Chance! Claim ur £150 worth of discount vouchers today! Text SHOP to 85023 now! SavaMob, offers mobile! T Cs SavaMob POBOX84, M263UZ. £3.00 Sub. 16 
802	1	a	Appt is at &lt;TIME&gt; am. Not my fault u don't listen. I told u twice 
803	0	a	FREE for 1st week! No1 Nokia tone 4 ur mobile every week just txt NOKIA to 8077 Get txting and tell ur mates. www.getzed.co.uk POBox 36504 W45WQ 16+ norm150p/tone 
804	0	a	You have won a guaranteed £200 award or even £1000 cashto claim UR award call free on 08000407165 (18+) 2 stop getstop on 88222 PHP. RG21 4JX 
805	1	a	K I'll be there before 4. 
806	1	a	I dled 3d its very imp 
807	1	a	sure, but make sure he knows we ain't smokin yet 
808	1	a	Boooo you always work. Just quit. 
809	1	a	I am taking half day leave bec i am not well 
810	1	a	Ugh I don't wanna get out of bed. It's so warm. 
811	1	a	S:)s.nervous &lt;#&gt; :) 
812	1	a	So there's a ring that comes with the guys costumes. It's there so they can gift their future yowifes. Hint hint 
813	0	a	Congratulations ur awarded either £500 of CD gift vouchers & Free entry 2 our £100 weekly draw txt MUSIC to 87066 TnCs www.Ldew.com1win150ppmx3age16 
814	1	a	I borrow ur bag ok. 
